[{"flight_time": [["10:30", "20:50"], ["12:15", "22:20"]], "price": ["\u00a5", "580"], "airports": [["\u9ad8\u5d0e\u56fd\u9645\u673a\u573aT4", "\u5357\u4eac\u7984\u53e3\u56fd\u9645\u673a\u573aT2"], ["\u5357\u4eac\u7984\u53e3\u56fd\u9645\u673a\u573aT2", "\u9996\u90fd\u56fd\u9645\u673a\u573aT2"]], "company": ["\u4e1c\u65b9\u822a\u7a7a", "MU2891", "\u4e1c\u65b9\u822a\u7a7a", "MU728"], "site": "Ctrip"},
{"flight_time": [["11:05", "17:55"], ["12:50", "19:50"]], "price": ["\u00a5", "610"], "airports": [["\u9ad8\u5d0e\u56fd\u9645\u673a\u573aT4", "\u5408\u80a5\u65b0\u6865\u56fd\u9645\u673a\u573a"], ["\u5408\u80a5\u65b0\u6865\u56fd\u9645\u673a\u573a", "\u9996\u90fd\u56fd\u9645\u673a\u573aT2"]], "company": ["\u4e1c\u65b9\u822a\u7a7a", "MU5169", "\u4e1c\u65b9\u822a\u7a7a", "MU5171"], "site": "Ctrip"},
{"flight_time": [["22:05"], ["00:55", "+1\u5929"]], "price": ["\u00a5", "645"], "airports": [["\u9ad8\u5d0e\u56fd\u9645\u673a\u573aT4"], ["\u9996\u90fd\u56fd\u9645\u673a\u573aT1"]], "company": ["\u9996\u90fd\u822a\u7a7a", "JD5376"], "site": "Ctrip"},
{"flight_time": [["17:15"], ["22:15"]], "price": ["\u00a5", "660"], "airports": [["\u9ad8\u5d0e\u56fd\u9645\u673a\u573aT4"], ["\u9996\u90fd\u56fd\u9645\u673a\u573aT3"]], "company": ["\u5c71\u4e1c\u822a\u7a7a", "SC4677"], "site": "Ctrip"},
{"flight_time": [["17:30"], ["22:25"]], "price": ["\u00a5", "672"], "airports": [["\u9ad8\u5d0e\u56fd\u9645\u673a\u573aT3"], ["\u9996\u90fd\u56fd\u9645\u673a\u573aT2"]], "company": ["\u53a6\u95e8\u822a\u7a7a", "MF8159"], "site": "Ctrip"},
{"flight_time": [["17:30"], ["22:25"]], "price": ["\u00a5", "676"], "airports": [["\u9ad8\u5d0e\u56fd\u9645\u673a\u573aT3"], ["\u9996\u90fd\u56fd\u9645\u673a\u573aT2"]], "company": ["\u6cb3\u5317\u822a\u7a7a", "NS8159", "(\u5171\u4eab)"], "site": "Ctrip"},
{"flight_time": [["10:30"], ["13:10"]], "price": ["\u00a5", "692"], "airports": [["\u9ad8\u5d0e\u56fd\u9645\u673a\u573aT4"], ["\u5357\u82d1\u673a\u573a"]], "company": ["\u4e2d\u56fd\u8054\u822a", "KN5926"], "site": "Ctrip"}]