[{"airports": ["NAY", "Nanyuan", "XMN", "Xiamen"], "company": ["China", "KN5927(73S)"], "site": "Qua", "flight_time": ["4:00", "PM", "7:00", "PM"], "passtime": ["3h"], "price": ["\u00a5", "689"]},
{"airports": ["PEK", "Beijing", "RIZ", "Rizhao", "RIZ", "Rizhao", "XMN", "Xiamen"], "company": ["Shandong", "SC4678(738)", "Same", "Shandong", "SC4678(738)"], "site": "Qua", "flight_time": ["3:20", "PM", "4:50", "PM", "45m", "5:35", "PM", "8:05", "PM"], "passtime": ["1h30m", "2h30m"], "price": ["\u00a5", "712"]},
{"airports": ["PEK", "Beijing", "HSN", "Zhoushan", "HSN", "Zhoushan", "XMN", "Xiamen"], "company": ["Xiamen", "MF8160(738)", "Same", "Xiamen", "MF8160(738)"], "site": "Qua", "flight_time": ["8:35", "AM", "11:00", "AM", "50m", "11:50", "AM", "1:25", "PM"], "passtime": ["2h25m", "1h35m"], "price": ["\u00a5", "733"]},
{"airports": ["PEK", "Beijing", "XMN", "Xiamen"], "company": ["Capital", "JD5375(320)"], "site": "Qua", "flight_time": ["6:55", "AM", "9:55", "AM"], "passtime": ["3h"], "price": ["\u00a5", "772"]},
{"airports": ["NAY", "Nanyuan", "XMN", "Xiamen"], "company": ["China", "KN5925(73E)"], "site": "Qua", "flight_time": ["6:45", "AM", "9:30", "AM"], "passtime": ["2h45m"], "price": ["\u00a5", "774"]},
{"airports": ["PEK", "Beijing", "HSN", "Zhoushan", "HSN", "Zhoushan", "XMN", "Xiamen"], "company": ["Hebei", "NS8160(738)", "Same", "Hebei", "NS8160(738)"], "site": "Qua", "flight_time": ["8:35", "AM", "11:00", "AM", "50m", "11:50", "AM", "1:25", "PM"], "passtime": ["2h25m", "1h35m"], "price": ["\u00a5", "787"]},
{"airports": ["PEK", "Beijing", "TNA", "Jinan", "TNA", "Jinan", "XMN", "Xiamen"], "company": ["Shandong", "SC1152(738)", "Same", "Shandong", "SC1152(738)"], "site": "Qua", "flight_time": ["7:20", "PM", "8:30", "PM", "50m", "9:20", "PM", "11:35", "PM"], "passtime": ["1h10m", "2h15m"], "price": ["\u00a5", "899"]},
{"airports": ["PEK", "Beijing", "XMN", "Xiamen"], "company": ["Xiamen", "MF8104(738)"], "site": "Qua", "flight_time": ["6:45", "AM", "9:45", "AM"], "passtime": ["3h"], "price": ["\u00a5", "909"]},
{"airports": ["PEK", "Beijing", "XMN", "Xiamen"], "company": ["Hebei", "NS8104(738)"], "site": "Qua", "flight_time": ["6:45", "AM", "9:45", "AM"], "passtime": ["3h"], "price": ["\u00a5", "917"]},
{"airports": ["PEK", "Beijing", "TNA", "Jinan", "TNA", "Jinan", "XMN", "Xiamen"], "company": ["Air", "CA1152(738)", "Same", "Air", "CA1152(738)"], "site": "Qua", "flight_time": ["7:20", "PM", "8:30", "PM", "50m", "9:20", "PM", "11:35", "PM"], "passtime": ["1h10m", "2h15m"], "price": ["\u00a5", "930"]},
{"airports": ["PEK", "Beijing", "RIZ", "Rizhao", "RIZ", "Rizhao", "XMN", "Xiamen"], "company": ["Air", "CA4678(738)", "Same", "Air", "CA4678(738)"], "site": "Qua", "flight_time": ["3:20", "PM", "4:50", "PM", "45m", "5:35", "PM", "8:05", "PM"], "passtime": ["1h30m", "2h30m"], "price": ["\u00a5", "930"]},
{"airports": ["PEK", "Beijing", "XMN", "Xiamen"], "company": ["Air", "CA1801(73H)"], "site": "Qua", "flight_time": ["8:05", "PM", "11:10", "PM"], "passtime": ["3h5m"], "price": ["\u00a5", "940"]},
{"airports": ["PEK", "Beijing", "XMN", "Xiamen"], "company": ["Air", "CA1871(738)"], "site": "Qua", "flight_time": ["7:20", "AM", "10:20", "AM"], "passtime": ["3h"], "price": ["\u00a5", "940"]},
{"airports": ["PEK", "Beijing", "HSN", "Zhoushan", "HSN", "Zhoushan", "XMN", "Xiamen"], "company": ["China", "CZ5102(738)", "Same", "China", "CZ5102(738)"], "site": "Qua", "flight_time": ["8:35", "AM", "11:00", "AM", "50m", "11:50", "AM", "1:25", "PM"], "passtime": ["2h25m", "1h35m"], "price": ["\u00a5", "960"]},
{"airports": ["PEK", "Beijing", "XMN", "Xiamen"], "company": ["China", "CZ5056(738)"], "site": "Qua", "flight_time": ["6:45", "AM", "9:45", "AM"], "passtime": ["3h"], "price": ["\u00a5", "960"]},
{"airports": ["PEK", "Beijing", "XMN", "Xiamen"], "company": ["Xiamen", "MF8170(757)"], "site": "Qua", "flight_time": ["9:25", "PM", "0:25", "AM", "(+1)"], "passtime": ["3h"], "price": ["\u00a5", "1077"]},
{"airports": ["PEK", "Beijing", "XMN", "Xiamen"], "company": ["Hebei", "NS8170(757)"], "site": "Qua", "flight_time": ["9:25", "PM", "0:25", "AM", "(+1)"], "passtime": ["3h"], "price": ["\u00a5", "1082"]},
{"airports": ["PEK", "Beijing", "XMN", "Xiamen"], "company": ["Air", "CA1815(738)"], "site": "Qua", "flight_time": ["4:20", "PM", "7:25", "PM"], "passtime": ["3h5m"], "price": ["\u00a5", "1100"]},
{"airports": ["PEK", "Beijing", "XMN", "Xiamen"], "company": ["Air", "CA1809(73C)"], "site": "Qua", "flight_time": ["8:50", "AM", "12:00", "PM"], "passtime": ["3h10m"], "price": ["\u00a5", "1100"]},
{"airports": ["PEK", "Beijing", "XMN", "Xiamen"], "company": ["Hainan", "HU7191(767)"], "site": "Qua", "flight_time": ["9:10", "AM", "12:10", "PM"], "passtime": ["3h"], "price": ["\u00a5", "1107"]},
{"airports": ["PEK", "Beijing", "XMN", "Xiamen"], "company": ["Hainan", "HU7291(738)"], "site": "Qua", "flight_time": ["7:25", "AM", "10:35", "AM"], "passtime": ["3h10m"], "price": ["\u00a5", "1107"]},
{"airports": ["PEK", "Beijing", "XMN", "Xiamen"], "company": ["China", "CZ5110(757)"], "site": "Qua", "flight_time": ["9:25", "PM", "0:25", "AM", "(+1)"], "passtime": ["3h"], "price": ["\u00a5", "1130"]},
{"airports": ["PEK", "Beijing", "XMN", "Xiamen"], "company": ["Air", "CA1833(73G)"], "site": "Qua", "flight_time": ["11:35", "AM", "2:40", "PM"], "passtime": ["3h5m"], "price": ["\u00a5", "1240"]},
{"airports": ["PEK", "Beijing", "XMN", "Xiamen"], "company": ["Xiamen", "MF8106(787)"], "site": "Qua", "flight_time": ["6:55", "PM", "9:55", "PM"], "passtime": ["3h"], "price": ["\u00a5", "1243"]},
{"airports": ["PEK", "Beijing", "XMN", "Xiamen"], "company": ["Xiamen", "MF8102(787)"], "site": "Qua", "flight_time": ["4:10", "PM", "7:05", "PM"], "passtime": ["2h55m"], "price": ["\u00a5", "1243"]}]